Secondary{21},GGACACGGGATCGACGGTAGTGGATCGATT
Secondary{22},CGACCTTAGGTTCCGCGTCATGTACCGGTT
Secondary{23},TGTTTACGACGTGGGCTGCTGCGATTTCAC
Secondary{24},GGGAAACGGTTGTCGCTACCGGCTTTGCTA
Secondary{25},GATGGTCGACTGGCGGTCTTAATATGCCCA
Secondary{26},ATCCATATGACCGGCGGCCTTTTCTCGGAC
Secondary{27},ATGATCCACGACCGAGCAGGTTAGTTGACG
Secondary{28},TAGACGCACCACGCTCGACAAGAACAGGAC
Secondary{29},ACTCGTTTAACGGCCGGTTGGTCTACGGAT
Secondary{30},GGGTACTCGCGTCTGGAACGACGGATTCAG
Secondary{31},AACATCGGATCGGTGCGGTGGGATGGATAA
Secondary{32},AGACGACGCACGTTCGTACCGCGTACTTCG
Secondary{33},TTTGCTCGCAAGTGCGCACGAGTTGAACTG
Secondary{34},CCAATGTACCTCGCCGCGTTTAGACGGGCT
Secondary{35},AGTTTCCATACGCGGCGTGAATATCGCGGC
Secondary{36},GCTACAGCGTTACGGGCCCAGACGTTTCAT
Secondary{37},TTTATCGTGCGTGTCCGCCAGTACCGTGAG
Secondary{38},TTAGGTCCGGCGATTAGCGCTCGTGCGCGA
Secondary{39},CGTGCGGGAACCGTATCCCTGGCGCGGACT
Secondary{40},AATCCGGCGTACGTAAGGCAGCTTGCGTTA
Secondary{1},CGCAACGCTTGGGACGGTTCCAATCGGATC
Secondary{2},CGAATGCTCTGGCCTCGAACGAACGATAGC
Secondary{3},ACAAATCCGACCAGATCGGACGATCATGGG
Secondary{4},CAAGTATGCAGCGCGATTGACCGTCTCGTT
Secondary{5},AAGTCGTACGCCGATGCGCAGCAATTCACT
Secondary{6},CGAAACATCGGCCACGGTCCCGTTGAACTT
Secondary{7},ACGAATCCACCGTCCAGCGCGTCAAACAGA
Secondary{8},CGCGAAATCCCCGTAACGAGCGTCCCTTGC
Secondary{9},GCATGAGTTGCCTGGCGTTGCGACGACTAA
Secondary{10},CCGTCGTCTCCGGTCCACCGTTGCGCTTAC
Secondary{11},GGCCAATGGCCCAGGTCCGTCACGCAATTT
Secondary{12},TTGATCGAATCGGAGCGTAGCGGAATCTGC
Secondary{13},CGCGCGGATCCGCTTGTCGGGAACGGATAC
Secondary{14},GCCTCGATTACGACGGATGTAATTCGGCCG
Secondary{15},GCCCGTATTCCCGCTTGCGAGTAGGGCAAT
Secondary{16},GCGGGAAGCACGTGGATTAGGGCATCGACC
Secondary{17},ATTTGCGTGCCGTGCTAGCCGTTGTTATGG
Secondary{18},AGGGTCATCGCCGTAAGGTGGGACCGAGGG
Secondary{19},TTGTGTATCCCGCCGGATCTTTGAATCAAC
Secondary{20},TGCTAGTTCGATCGCGCAATTGCGTAGTTC